{
  "scaler": {
    "mean_": [3.8450520833333335, 120.89453125, 69.10546875, 20.536458333333332, 79.79947916666667, 31.992578124999997, 0.4718763020833333, 33.238885416666664],
    "scale_": [3.367360441018003, 31.97261819513757, 19.355081176128146, 15.951636943772268, 110.23682009379856, 7.884260256799838, 0.3311649099861359, 11.760231466129586]
  },
  "classifier": {
    "coef_": [[-0.02579997, -0.44657127, 0.04916695, -0.09873349, -0.00175017, 0.38713546, -0.04614169, -0.03539912]],
    "intercept_": [-8.366093]
  }
}